GNAS	activation	SRC
GNAS	effect	SRC
GNAS	activation	ADCY1
GNAS	activation	ADCY2
GNAS	activation	ADCY3
GNAS	activation	ADCY5
GNAS	activation	ADCY6
GNAS	activation	ADCY7
GNAS	activation	ADCY8
GNAS	activation	ADCY9
GNAS	activation	ADCY4
PPARA	activation	SCD5
PPARA	activation	FADS2
RXRA	activation	SCD5
RXRA	activation	FADS2
RXRA	activation	CD36
RXRB	activation	SCD5
RXRB	activation	FADS2
RXRB	activation	CD36
RXRG	activation	SCD5
RXRG	activation	FADS2
RXRG	activation	CD36
PPARG	activation	SCD5
PPARG	activation	CD36
RASGRF1	activation	RRAS2
RASGRF1	activation	MRAS
RASGRF1	activation	HRAS
RASGRF1	activation	KRAS
RASGRF1	activation	NRAS
RASGRF1	activation	RRAS
CACNG3	effect	RASGRF1
CACNG2	effect	RASGRF1
CACNG5	effect	RASGRF1
CACNG4	effect	RASGRF1
CACNA2D3	effect	RASGRF1
CACNG8	inhibition	RASGRF1
CACNG8	effect	RASGRF1
CACNG7	effect	RASGRF1
CACNG6	inhibition	RASGRF1
CACNG6	effect	RASGRF1
CACNA1A	inhibition	RASGRF1
CACNA1B	inhibition	RASGRF1
CACNA1C	inhibition	RASGRF1
CACNA1D	inhibition	RASGRF1
CACNA1D	effect	RASGRF1
CACNA1E	inhibition	RASGRF1
CACNA1E	effect	RASGRF1
CACNA1F	inhibition	RASGRF1
CACNA1F	effect	RASGRF1
CACNA1S	inhibition	RASGRF1
CACNA1S	effect	RASGRF1
CACNA2D1	inhibition	RASGRF1
CACNA2D1	effect	RASGRF1
CACNB1	inhibition	RASGRF1
CACNB1	effect	RASGRF1
CACNB2	inhibition	RASGRF1
CACNB2	effect	RASGRF1
CACNB3	inhibition	RASGRF1
CACNB3	effect	RASGRF1
CACNB4	inhibition	RASGRF1
CACNB4	effect	RASGRF1
CACNG1	inhibition	RASGRF1
CACNG1	effect	RASGRF1
CACNA1I	inhibition	RASGRF1
CACNA1I	effect	RASGRF1
CACNA1H	inhibition	RASGRF1
CACNA1H	effect	RASGRF1
CACNA1G	inhibition	RASGRF1
CACNA1G	effect	RASGRF1
CACNA2D2	inhibition	RASGRF1
CACNA2D2	effect	RASGRF1
CACNA2D4	inhibition	RASGRF1
CACNA2D4	effect	RASGRF1
IGF2	activation	CSF1R
IGF2	activation	EGFR
IGF2	activation	EPHA2
IGF2	activation	ERBB2
IGF2	activation	ERBB3
IGF2	activation	ERBB4
IGF2	activation	FGFR1
IGF2	activation	FGFR3
IGF2	activation	FGFR2
IGF2	activation	FGFR4
IGF2	activation	FLT1
IGF2	activation	FLT3
IGF2	activation	FLT4
IGF2	activation	IGF1R
IGF2	activation	INSR
IGF2	activation	KDR
IGF2	activation	KIT
IGF2	activation	MET
IGF2	activation	NGFR
IGF2	activation	NTRK1
IGF2	activation	NTRK2
IGF2	activation	PDGFRA
IGF2	activation	PDGFRB
IGF2	activation	RET
IGF2	activation	TEK
INS	activation	CSF1R
INS	activation	EGFR
INS	activation	EPHA2
INS	activation	ERBB2
INS	activation	ERBB3
INS	activation	ERBB4
INS	activation	FGFR1
INS	activation	FGFR3
INS	activation	FGFR2
INS	activation	FGFR4
INS	activation	FLT1
INS	activation	FLT3
INS	activation	FLT4
INS	activation	IGF1R
INS	activation	INSR
INS	activation	KDR
INS	activation	KIT
INS	activation	MET
INS	activation	NGFR
INS	activation	NTRK1
INS	activation	NTRK2
INS	activation	PDGFRA
INS	activation	PDGFRB
INS	activation	RET
INS	activation	TEK
PLCG1	activation	CAMK2G
PLCG2	activation	CAMK2G
PLCG2	effect	CAMK2G
GNB5	activation	RASGRF1
GNB1	activation	RASGRF1
GNB2	activation	RASGRF1
GNB3	activation	RASGRF1
GNG3	activation	RASGRF1
GNG4	activation	RASGRF1
GNG5	activation	RASGRF1
GNG7	activation	RASGRF1
GNG10	activation	RASGRF1
GNG11	activation	RASGRF1
GNGT1	activation	RASGRF1
GNGT2	activation	RASGRF1
GNG13	activation	RASGRF1
GNG2	activation	RASGRF1
GNG12	activation	RASGRF1
GNB4	activation	RASGRF1
GNG8	activation	RASGRF1
CALML6	activation	RASGRF1
CALML5	activation	RASGRF1
CALM1	activation	RASGRF1
CALM2	activation	RASGRF1
CALM3	activation	RASGRF1
CALML3	activation	RASGRF1
CALML4	activation	RASGRF1
PRKACA	activation	RASGRF1
PRKACA	effect	RASGRF1
PRKACB	activation	RASGRF1
PRKACB	effect	RASGRF1
PRKACG	activation	RASGRF1
PRKACG	effect	RASGRF1
RASA4B	activation	RRAS2
RASA4	activation	RRAS2
RASA4B	activation	MRAS
RASA4	activation	MRAS
RASA4B	activation	HRAS
RASA4	activation	HRAS
RASA4B	activation	KRAS
RASA4	activation	KRAS
RASA4B	activation	NRAS
RASA4	activation	NRAS
RASA4B	activation	RRAS
RASA4	activation	RRAS
RRAS2	activation	PLCE1
MRAS	activation	PLCE1
HRAS	activation	PLCE1
KRAS	activation	PLCE1
NRAS	activation	PLCE1
RRAS	activation	PLCE1
MAPK1	activation	PLAAT3
MAPK3	activation	PLAAT3
RAP1A	activation	PLCE1
RAP1B	activation	PLCE1
ADORA2A	activation	GNAS
ADORA2A	activation	GNAQ
ADORA2B	activation	GNAS
LPAR1	activation	GNAS
F2R	activation	GNAS
LPAR3	activation	GNAS
FPR1	activation	GNAS
LPAR4	activation	GNAS
P2RY1	activation	GNAS
LPAR5	activation	GNAS
F2RL3	activation	GNAS
LPAR2	activation	GNAS
CAMK2G	activation	CALML6
CAMK2G	activation	CALML5
CAMK2G	activation	CALM1
CAMK2G	activation	CALM2
CAMK2G	activation	CALM3
CAMK2G	activation	CALML3
CAMK2G	activation	CALML4
CHRM1	activation	GNAS
CHRM3	activation	GNAS
ADRB1	activation	GNAS
HTR7	activation	GNAS
PLN	activation	ATP2A3
CASQ1	activation	ASPH
CASQ2	activation	ASPH
HRC	activation	ATP2A3
PRKG1	activation	FXYD2
PRKG1	activation	PRKCE
PRKG1	activation	KCNMA1
PRKG2	activation	FXYD2
PRKG2	activation	PRKCE
PRKG2	activation	KCNMA1
KCNMA1	activation	CACNA1C
KCNMA1	activation	CACNA1D
KCNMA1	activation	CACNA1F
KCNMA1	activation	CACNA1S
PLN	inhibition	ATP2A3
PRKCE	inhibition	KCNJ8
PRKCE	effect	KCNJ8
PRKCE	inhibition	PPIF
PRKCE	effect	PPIF
PRKCE	inhibition	SLC25A4
PRKCE	effect	SLC25A4
PRKCE	inhibition	SLC25A5
PRKCE	effect	SLC25A5
PRKCE	inhibition	SLC25A6
PRKCE	effect	SLC25A6
PRKCE	inhibition	VDAC1
PRKCE	effect	VDAC1
PRKCE	inhibition	VDAC2
PRKCE	effect	VDAC2
PRKCE	inhibition	VDAC3
PRKCE	effect	VDAC3
PRKCE	activation	SLC25A31
ADRB2	activation	GNAS
HTR1F	activation	GNAI1
HTR1F	activation	GNAI2
HTR1F	activation	GNAI3
PTGER3	activation	GNAI1
PTGER3	activation	GNAI2
PTGER3	activation	GNAI3
PRKACA	activation	SOX9
PRKACA	activation	GRIA3
PRKACB	activation	SOX9
PRKACB	activation	GRIA3
PRKACG	activation	SOX9
PRKACG	activation	GRIA3
CAMK2G	activation	ADCY1
CAMK2G	activation	ADCY2
CAMK2G	activation	ADCY3
CAMK2G	activation	ADCY5
CAMK2G	activation	ADCY6
CAMK2G	activation	ADCY7
CAMK2G	activation	ADCY8
CAMK2G	activation	ADCY9
CAMK2G	activation	ADCY4
CAMK2G	activation	PDE10A
CAMK2G	activation	PDE3A
CAMK2G	activation	PDE3B
CAMK2G	activation	PDE4A
CAMK2G	activation	PDE4B
CAMK2G	activation	PDE4C
CAMK2G	activation	PDE4D
ADCYAP1R1	activation	GNAS
CRHR1	activation	GNAS
CRHR2	activation	GNAS
GPR119	activation	GNAS
DRD1	activation	GNAS
DRD5	activation	GNAS
FSHR	activation	GNAS
GIPR	activation	GNAS
GLP1R	activation	GNAS
HTR4	activation	GNAS
HTR6	activation	GNAS
LHCGR	activation	GNAS
MC2R	activation	GNAS
NPR1	activation	GNAS
PTGER2	activation	GNAS
TSHR	activation	GNAS
VIPR2	activation	GNAS
SOX9	inhibition	AMH
RRAS2	inhibition	PLCE1
RRAS	inhibition	PLCE1
NPY	inhibition	CHRM1
NPY	inhibition	CHRM2
NPY	inhibition	ADORA1
NPY	inhibition	ADRB2
NPY	inhibition	DRD2
NPY	inhibition	EDNRA
NPY	inhibition	GABBR1
NPY	inhibition	GHSR
NPY	inhibition	HCAR1
NPY	inhibition	FFAR2
NPY	inhibition	HTR1A
NPY	inhibition	HTR1B
NPY	inhibition	HTR1D
NPY	inhibition	HTR1E
NPY	inhibition	HTR1F
NPY	inhibition	HCAR2
NPY	inhibition	NPY1R
NPY	inhibition	OXTR
NPY	inhibition	SUCNR1
NPY	inhibition	PTGER3
NPY	inhibition	SSTR1
NPY	inhibition	SSTR2
NPY	inhibition	SSTR5
NPY	inhibition	HCAR3
NPY	inhibition	GABBR2
GHRL	inhibition	HTR1F
GHRL	effect	HTR1F
GHRL	inhibition	PTGER3
GHRL	effect	PTGER3
FXYD1	activation	FXYD2
FXYD1	effect	FXYD2
CGA	activation	ADORA2A
CGA	activation	GPR119
FSHB	activation	ADORA2A
FSHB	activation	GPR119
OXT	activation	HTR1F
OXT	activation	PTGER3
POMC	activation	ADORA2A
POMC	activation	GPR119
GIP	activation	ADORA2A
GIP	activation	GPR119
NPPA	activation	ADORA2A
NPPA	activation	GPR119
EDN1	activation	HTR1F
EDN1	activation	PTGER3
EDN2	activation	HTR1F
EDN2	activation	PTGER3
EDN3	activation	HTR1F
EDN3	activation	PTGER3
SST	activation	CHRM1
SST	activation	CHRM2
SST	activation	ADORA1
SST	activation	ADRB2
SST	activation	DRD2
SST	activation	EDNRA
SST	activation	GABBR1
SST	activation	GHSR
SST	activation	HCAR1
SST	activation	FFAR2
SST	activation	HTR1A
SST	activation	HTR1B
SST	activation	HTR1D
SST	activation	HTR1E
SST	activation	HTR1F
SST	activation	HCAR2
SST	activation	NPY1R
SST	activation	OXTR
SST	activation	SUCNR1
SST	activation	PTGER3
SST	activation	SSTR1
SST	activation	SSTR2
SST	activation	SSTR5
SST	activation	HCAR3
SST	activation	GABBR2
GCG	activation	ADCYAP1R1
GCG	activation	ADORA2A
GCG	activation	CRHR1
GCG	activation	CRHR2
GCG	activation	GPR119
GCG	activation	ADRB1
GCG	activation	ADRB2
GCG	activation	DRD1
GCG	activation	DRD5
GCG	activation	FSHR
GCG	activation	GIPR
GCG	activation	GLP1R
GCG	activation	HTR4
GCG	activation	HTR6
GCG	activation	LHCGR
GCG	activation	MC2R
GCG	activation	NPR1
GCG	activation	PTGER2
GCG	activation	TSHR
GCG	activation	VIPR2
ADCYAP1	activation	ADCYAP1R1
ADCYAP1	activation	ADORA2A
ADCYAP1	activation	CRHR1
ADCYAP1	activation	CRHR2
ADCYAP1	activation	GPR119
ADCYAP1	activation	ADRB1
ADCYAP1	activation	ADRB2
ADCYAP1	activation	DRD1
ADCYAP1	activation	DRD5
ADCYAP1	activation	FSHR
ADCYAP1	activation	GIPR
ADCYAP1	activation	GLP1R
ADCYAP1	activation	HTR4
ADCYAP1	activation	HTR6
ADCYAP1	activation	LHCGR
ADCYAP1	activation	MC2R
ADCYAP1	activation	NPR1
ADCYAP1	activation	PTGER2
ADCYAP1	activation	TSHR
ADCYAP1	activation	VIPR2
VIP	activation	ADORA2A
VIP	activation	GPR119
TSHB	activation	ADORA2A
TSHB	activation	GPR119
LHB	activation	ADORA2A
LHB	activation	GPR119
CRH	activation	ADORA2A
CRH	activation	GPR119
GPHB5	activation	ADORA2A
GPHA2	activation	ADORA2A
GPHA2	effect	ADORA2A
GPHA2	activation	GPR119
GPHA2	effect	GPR119
POPDC3	activation	KCNK2
POPDC3	effect	KCNK2
GDF5	activation	BMPR1A
BMP7	activation	BMPR1A
BMP2	activation	BMPR1A
AMH	activation	BMPR1A
CTF1	activation	LIFR
CLCF1	activation	LIFR
CNTF	activation	LIFR
LIF	activation	LIFR
OSM	activation	LIFR
BMP4	activation	BMPR1A
GDF6	activation	BMPR1A
GDF7	activation	BMPR1A
BMP5	activation	ACVR2A
BMP5	activation	ACVR1
BMP5	activation	ACVR2B
BMP5	activation	BMPR2
BMP5	activation	BMPR1A
BMP5	activation	BMPR1B
BMP6	activation	BMPR1A
BMP8A	activation	BMPR1A
BMP8B	activation	BMPR1A
FGR	activation	ELMO1
FGR	effect	ELMO1
HCK	activation	ELMO1
HCK	effect	ELMO1
LYN	activation	ELMO1
LYN	effect	ELMO1
SRC	activation	ELMO1
SRC	effect	ELMO1
ELMO1	activation	RAC1
ELMO1	activation	RAC2
ELMO1	activation	RAC3
NFKB1	activation	GADD45G
RELA	activation	GADD45G
EDARADD	activation	TRAF6
CAMK2G	activation	CREBBP
CAMK2G	activation	EP300
FOXO6	activation	GADD45G
FOXO6	activation	G6PC2
FOXO6	effect	G6PC2
FOXO1	inhibition	GADD45G
FOXO1	effect	GADD45G
FOXO1	inhibition	G6PC2
FOXO1	effect	G6PC2
FOXO3	activation	GADD45G
FOXO3	effect	GADD45G
FOXO3	activation	G6PC2
FOXO4	activation	GADD45G
FOXO4	effect	GADD45G
FOXO4	activation	G6PC2
PDPK1	activation	SGK3
SGK3	activation	FOXO6
SGK3	activation	FOXO1
SGK3	activation	FOXO3
SGK3	activation	FOXO4
PLCB1	activation	PRKCE
PLCB2	activation	PRKCE
PLCB3	activation	PRKCE
PLCB4	activation	PRKCE
PRKCE	inhibition	SPHK2
PRKCE	effect	SPHK2
PRKCE	inhibition	SPHK1
PRKCE	effect	SPHK1
LPAR6	inhibition	GNAS
AGTR1	activation	GNAS
F2R	effect	GNAS
GRM1	activation	GNAS
GRM2	activation	GNAS
GRM3	activation	GNAS
GRM4	activation	GNAS
GRM5	activation	GNAS
GRM6	activation	GNAS
GRM7	activation	GNAS
GRM8	activation	GNAS
CXCR1	activation	GNAS
CXCR2	activation	GNAS
AVPR1A	activation	GNAS
AVPR1B	activation	GNAS
AVPR2	activation	GNAS
PTGFR	activation	PLCB1
PTGFR	activation	PLCB2
PTGFR	activation	PLCB3
PTGFR	activation	PLCB4
PTGFR	activation	GNA12
PTGFR	activation	GNA13
PTGFR	activation	GNAS
CXCL8	activation	PTGFR
AVP	activation	PTGFR
F2	activation	PTGFR
AGT	activation	PTGFR
NPY	activation	NPY4R2
NPY	activation	GPR83
NPY	activation	NPY1R
NPY	activation	NPY2R
NPY	activation	NPY5R
NPY	activation	NPY4R
PPY	activation	NPY4R2
PPY	activation	GPR83
PPY	activation	NPY1R
PPY	activation	NPY2R
PPY	activation	NPY5R
PPY	activation	NPY4R
SST	activation	SSTR3
SST	activation	SSTR4
IAPP	activation	CALCRL
IAPP	activation	CALCR
GCG	activation	GCGR
GCG	activation	GLP2R
VGF	activation	C3AR1
TP53	activation	GADD45G
GADD45G	activation	PCNA
GADD45G	inhibition	CCNB3
GADD45G	inhibition	CCNB1
GADD45G	inhibition	CCNB2
CDK2	inhibition	CDKN1C
CDK2	effect	CDKN1C
CCNE1	inhibition	CDKN1C
CCNE1	effect	CDKN1C
CCNE2	inhibition	CDKN1C
CCNE2	effect	CDKN1C
CDKN1C	inhibition	CDK2
CDKN1C	inhibition	CCNA2
CDKN1C	inhibition	CCNA1
SKP1	inhibition	CDKN1C
SKP1	effect	CDKN1C
CUL1	inhibition	CDKN1C
CUL1	effect	CDKN1C
RBX1	inhibition	CDKN1C
RBX1	effect	CDKN1C
SKP2	inhibition	CDKN1C
SKP2	effect	CDKN1C
CAMK2G	activation	FBXO43
CAMK2G	activation	CDC25C
CALML6	activation	CAMK2G
CALML6	effect	CAMK2G
CALML5	activation	CAMK2G
CALML5	effect	CAMK2G
CALM1	inhibition	CAMK2G
CALM1	effect	CAMK2G
CALM2	inhibition	CAMK2G
CALM2	effect	CAMK2G
CALM3	inhibition	CAMK2G
CALM3	effect	CAMK2G
CALML3	inhibition	CAMK2G
CALML3	effect	CAMK2G
CALML4	inhibition	CAMK2G
CALML4	effect	CAMK2G
PGR	inhibition	PRKACA
PGR	effect	PRKACA
PGR	inhibition	PRKACB
PGR	effect	PRKACB
PGR	inhibition	PRKACG
PGR	effect	PRKACG
INS	inhibition	IGF1R
INS	effect	IGF1R
TP53	activation	SIAH1
GADD45G	inhibition	CDK1
ATG7	activation	ATG12
ATG7	activation	GABARAP
ATG7	activation	GABARAPL2
ATG7	activation	GABARAPL1
INS	activation	IRS1
INS	effect	IRS1
INS	activation	IRS4
INS	effect	IRS4
INS	activation	IRS2
INS	effect	IRS2
INS	activation	RRAS2
INS	effect	RRAS2
INS	activation	MRAS
INS	activation	HRAS
INS	effect	HRAS
INS	activation	KRAS
INS	effect	KRAS
INS	activation	NRAS
INS	effect	NRAS
INS	activation	RRAS
RRAGB	inhibition	RPTOR
RRAGB	effect	RPTOR
RRAGB	inhibition	DEPTOR
RRAGB	effect	DEPTOR
RRAGB	inhibition	MTOR
RRAGB	effect	MTOR
RRAGB	inhibition	AKT1S1
RRAGB	effect	AKT1S1
RRAGB	inhibition	MLST8
RRAGB	effect	MLST8
ATG7	activation	MAP1LC3C
ATG7	activation	MAP1LC3B2
ATG7	activation	MAP1LC3B
ATG7	activation	MAP1LC3A
RRAGB	activation	RRAGD
RRAGB	activation	RRAGC
RRAGB	activation	MTOR
NPRL2	activation	RRAGB
NPRL2	effect	RRAGB
NPRL3	activation	RRAGB
NPRL3	effect	RRAGB
DEPDC5	activation	RRAGB
DEPDC5	effect	RRAGB
RNF152	activation	RRAGB
RNF152	effect	RRAGB
SKP2	activation	RRAGB
SKP2	effect	RRAGB
LAMTOR5	inhibition	RRAGB
LAMTOR2	inhibition	RRAGB
LAMTOR4	activation	RRAGB
LAMTOR1	activation	RRAGB
LAMTOR3	activation	RRAGB
FLCN	activation	RRAGB
FNIP2	activation	RRAGB
FNIP1	activation	RRAGB
WNT4	activation	FZD10
WNT4	activation	FZD2
WNT4	activation	FZD5
WNT4	activation	FZD3
WNT4	activation	FZD1
WNT4	activation	FZD4
WNT4	activation	FZD6
WNT4	activation	FZD7
WNT4	activation	FZD8
WNT4	activation	FZD9
WNT4	activation	LRP6
WNT4	activation	LRP5
LAMC3	activation	ITGA1
CHAD	activation	ITGA1
COL1A1	activation	ITGA1
COL1A2	activation	ITGA1
COL2A1	activation	ITGA1
COL4A1	activation	ITGA1
COL4A2	activation	ITGA1
COL4A3	activation	ITGA1
COL4A4	activation	ITGA1
COL4A5	activation	ITGA1
COL4A6	activation	ITGA1
COL6A1	activation	ITGA1
COL6A2	activation	ITGA1
COL6A3	activation	ITGA1
COL9A1	activation	ITGA1
COL9A2	activation	ITGA1
COL9A3	activation	ITGA1
COMP	activation	ITGA1
COL6A6	activation	ITGA1
LAMB4	activation	ITGA1
FN1	activation	ITGA1
COL6A5	activation	ITGA1
LAMA1	activation	ITGA1
TNC	activation	ITGA1
IBSP	activation	ITGA1
LAMA2	activation	ITGA1
LAMA3	activation	ITGA1
LAMA4	activation	ITGA1
LAMA5	activation	ITGA1
LAMB1	activation	ITGA1
LAMB2	activation	ITGA1
LAMB3	activation	ITGA1
LAMC1	activation	ITGA1
LAMC2	activation	ITGA1
RELN	activation	ITGA1
TNN	activation	ITGA1
SPP1	activation	ITGA11
SPP1	activation	ITGA6
SPP1	activation	ITGA1
SPP1	activation	ITGA2
SPP1	activation	ITGA2B
SPP1	activation	ITGA3
SPP1	activation	ITGA4
SPP1	activation	ITGA5
SPP1	activation	ITGA7
SPP1	activation	ITGA9
SPP1	activation	ITGAV
SPP1	activation	ITGA10
SPP1	activation	ITGA8
SPP1	activation	ITGB1
SPP1	activation	ITGB3
SPP1	activation	ITGB4
SPP1	activation	ITGB5
SPP1	activation	ITGB6
SPP1	activation	ITGB7
SPP1	activation	ITGB8
SPP1	activation	PTK2
THBS1	activation	ITGA1
THBS2	activation	ITGA1
THBS3	activation	ITGA1
THBS4	activation	ITGA1
TNR	activation	ITGA1
TNXB	activation	ITGA1
VTN	activation	ITGA1
VWF	activation	ITGA1
PRKAG2	activation	PFKFB2
PRKAG2	activation	CD36
PRKAG3	activation	PFKFB2
PRKAG3	activation	CD36
PRKAA1	activation	PFKFB2
PRKAA1	inhibition	CD36
PRKAA2	inhibition	PFKFB2
PRKAA2	activation	CD36
PRKAA2	effect	CD36
PRKAB1	activation	PFKFB2
PRKAB1	effect	PFKFB2
PRKAB1	activation	CD36
PRKAB1	effect	CD36
PRKAB2	activation	PFKFB2
PRKAB2	effect	PFKFB2
PRKAB2	activation	CD36
PRKAB2	effect	CD36
PRKAG1	inhibition	PFKFB2
PRKAG1	effect	PFKFB2
PRKAG1	inhibition	CD36
PRKAG1	effect	CD36
INS	inhibition	INSR
INS	effect	INSR
HNF4A	activation	G6PC2
SREBF1	inhibition	SCD5
NFKB1	inhibition	GADD45G
NFKB1	effect	GADD45G
RELA	effect	GADD45G
CTSV	activation	BCL2
CTSV	effect	BCL2
CTSV	activation	BIRC2
CTSV	activation	BIRC3
CTSV	activation	XIAP
CTSV	activation	BIRC5
CTSV	activation	BID
KL	inhibition	INSR
KL	inhibition	IRS1
KL	inhibition	IRS4
KL	inhibition	IRS2
KL	inhibition	IGF1R
KL	effect	IGF1R
CAMK2G	activation	SLC25A4
CAMK2G	activation	SLC25A5
CAMK2G	activation	SLC25A6
CAMK2G	activation	SLC25A31
CAMK2G	activation	VDAC1
CAMK2G	activation	VDAC2
CAMK2G	activation	VDAC3
CAMK2G	activation	PPID
CYBB	activation	CAMK2G
ADRB1	effect	GNAS
ADRB2	effect	GNAS
GNAS	effect	ADCY1
GNAS	effect	ADCY2
GNAS	effect	ADCY3
GNAS	effect	ADCY5
GNAS	effect	ADCY6
GNAS	effect	ADCY7
GNAS	effect	ADCY8
GNAS	effect	ADCY9
GNAS	effect	ADCY4
PRKACA	activation	FXYD2
PRKACA	effect	FXYD2
PRKACB	activation	FXYD2
PRKACB	effect	FXYD2
PRKACG	activation	FXYD2
PRKACG	effect	FXYD2
PLN	effect	ATP2A3
CALML6	inhibition	CAMK2G
CALML5	inhibition	CAMK2G
CAMK2G	inhibition	SCN1B
CAMK2G	effect	SCN1B
CAMK2G	inhibition	SCN4B
CAMK2G	effect	SCN4B
CAMK2G	inhibition	SCN5A
CAMK2G	effect	SCN5A
CAMK2G	inhibition	SCN7A
CAMK2G	effect	SCN7A
CAMK2G	inhibition	CACNG3
CAMK2G	effect	CACNG3
CAMK2G	inhibition	CACNG2
CAMK2G	effect	CACNG2
CAMK2G	inhibition	CACNG5
CAMK2G	effect	CACNG5
CAMK2G	inhibition	CACNG4
CAMK2G	effect	CACNG4
CAMK2G	inhibition	CACNA2D3
CAMK2G	effect	CACNA2D3
CAMK2G	inhibition	CACNG8
CAMK2G	effect	CACNG8
CAMK2G	inhibition	CACNG7
CAMK2G	effect	CACNG7
CAMK2G	inhibition	CACNG6
CAMK2G	effect	CACNG6
CAMK2G	inhibition	CACNA1C
CAMK2G	effect	CACNA1C
CAMK2G	inhibition	CACNA1D
CAMK2G	effect	CACNA1D
CAMK2G	inhibition	CACNA1F
CAMK2G	effect	CACNA1F
CAMK2G	inhibition	CACNA1S
CAMK2G	effect	CACNA1S
CAMK2G	inhibition	CACNA2D1
CAMK2G	effect	CACNA2D1
CAMK2G	inhibition	CACNB1
CAMK2G	effect	CACNB1
CAMK2G	inhibition	CACNB2
CAMK2G	effect	CACNB2
CAMK2G	inhibition	CACNB3
CAMK2G	effect	CACNB3
CAMK2G	inhibition	CACNB4
CAMK2G	effect	CACNB4
CAMK2G	inhibition	CACNG1
CAMK2G	effect	CACNG1
CAMK2G	inhibition	CACNA2D2
CAMK2G	effect	CACNA2D2
CAMK2G	inhibition	CACNA2D4
CAMK2G	effect	CACNA2D4
CAMK2G	inhibition	RYR2
CAMK2G	effect	RYR2
PRKCE	activation	ARAF
PRKCE	activation	RAF1
PRKCE	activation	BRAF
PTGIR	activation	GNAS
CALCRL	activation	GNAS
RAMP2	activation	GNAS
RAMP1	activation	GNAS
RAMP3	activation	GNAS
PRKACA	activation	KCNMA1
PRKACB	activation	KCNMA1
PRKACG	activation	KCNMA1
PORCN	activation	WNT4
FRZB	inhibition	WNT4
SFRP1	inhibition	WNT4
SFRP2	inhibition	WNT4
SFRP4	inhibition	WNT4
SFRP5	inhibition	WNT4
CER1	inhibition	WNT4
WIF1	inhibition	WNT4
NOTUM	inhibition	WNT4
APCDD1L	inhibition	WNT16
APCDD1	inhibition	WNT4
APCDD1L	inhibition	WNT4
APCDD1L	inhibition	WNT1
APCDD1L	inhibition	WNT2
APCDD1L	inhibition	WNT3
APCDD1L	inhibition	WNT5A
APCDD1L	inhibition	WNT6
APCDD1L	inhibition	WNT7A
APCDD1L	inhibition	WNT7B
APCDD1L	inhibition	WNT8A
APCDD1L	inhibition	WNT8B
APCDD1L	inhibition	WNT10B
APCDD1L	inhibition	WNT11
APCDD1L	inhibition	WNT2B
APCDD1L	inhibition	WNT9A
APCDD1L	inhibition	WNT9B
APCDD1L	inhibition	WNT10A
APCDD1L	inhibition	WNT5B
APCDD1L	inhibition	WNT3A
APCDD1L	inhibition	LRP6
APCDD1L	inhibition	LRP5
SMAD6	inhibition	SMAD9
SMAD7	inhibition	SMAD9
ACVR1	inhibition	SMAD9
INHBB	inhibition	BMPR1A
MAPK1	inhibition	SMAD9
MAPK3	inhibition	SMAD9
BMPR1A	activation	SMAD1
BMPR1A	activation	SMAD5
BMPR1A	activation	SMAD9
BMPR1A	activation	BMPR2
BMPR1A	activation	ACVR2A
BMPR1A	activation	HJV
BMPR1A	activation	NEO1
BMPR1B	activation	SMAD9
BMP6	inhibition	BMPR1A
NOG	inhibition	BMP5
MICOS10-NBL1	inhibition	BMP5
NBL1	inhibition	BMP5
SMAD9	inhibition	SMAD4
SMAD9	inhibition	HAMP
SMAD9	activation	ID2
SMAD9	activation	ID3
SMAD9	activation	ID4
CHRD	activation	BMP5
BAMBI	inhibition	BMPR1A
GREM1	activation	GDF7
GREM1	activation	AMH
GREM1	activation	BMP8A
GREM1	activation	GDF6
GREM1	activation	BMP2
GREM1	activation	BMP4
GREM1	activation	BMP5
GREM1	activation	BMP6
GREM1	activation	BMP7
GREM1	activation	BMP8B
GREM1	activation	GDF5
GREM2	activation	BMP5
SLIT1	activation	ROBO2
SLIT2	activation	ROBO2
ROBO2	activation	SRGAP2
ROBO2	activation	SRGAP1
ROBO2	activation	SRGAP3
ABL1	activation	ROBO2
ABL1	effect	ROBO2
ROBO2	activation	NCK2
ROBO2	activation	PAK4
ROBO2	activation	BUB1B-PAK6
ROBO2	activation	PAK1
ROBO2	activation	PAK2
ROBO2	activation	PAK3
ROBO2	activation	PAK6
ROBO2	activation	PAK5
PRKCE	activation	RRAS2
PRKCE	activation	MRAS
PRKCE	activation	HRAS
PRKCE	activation	KRAS
PRKCE	activation	NRAS
PRKCE	activation	RRAS
PRKCE	activation	SLC9A1
PRKCE	activation	MYLK4
PRKCE	activation	MYLK
PRKCE	activation	MYLK2
PRKCE	activation	MYLK3
GNB5	activation	PRKCE
GNAI1	activation	PRKCE
GNAI2	activation	PRKCE
GNAI3	activation	PRKCE
GNB1	activation	PRKCE
GNB2	activation	PRKCE
GNB3	activation	PRKCE
GNG3	activation	PRKCE
GNG4	activation	PRKCE
GNG5	activation	PRKCE
GNG7	activation	PRKCE
GNG10	activation	PRKCE
GNG11	activation	PRKCE
GNGT1	activation	PRKCE
GNGT2	activation	PRKCE
GNG13	activation	PRKCE
GNG2	activation	PRKCE
GNG12	activation	PRKCE
GNB4	activation	PRKCE
GNG8	activation	PRKCE
EGR1	activation	SPP1
SMAD2	activation	BMPR1A
SMAD3	activation	BMPR1A
PARVA	activation	ITGA1
PARVG	activation	ITGA1
VASP	effect	ITGA1
TLN1	inhibition	ITGA1
TLN1	effect	ITGA1
TLN2	inhibition	ITGA1
TLN2	effect	ITGA1
ACTN4	inhibition	ITGA1
ACTN4	effect	ITGA1
ACTN1	activation	ITGA1
ACTN1	effect	ITGA1
PTK2	activation	RASGRF1
PTK2	effect	RASGRF1
PXN	effect	ITGA1
RASGRF1	inhibition	RHOA
COMP	activation	CD36
THBS1	activation	CD36
THBS2	activation	CD36
THBS3	activation	CD36
THBS4	activation	CD36
PRKCE	activation	MSN
PRKCE	activation	RDX
PRKCE	inhibition	EZR
GNAS	inhibition	ADCY9
GNAS	inhibition	ADCY4
LIFR	activation	JAK1
LIFR	activation	JAK2
LIFR	activation	JAK3
LIFR	activation	GRB2
LIFR	activation	PIK3CA
LIFR	activation	PIK3CB
LIFR	activation	PIK3CD
LIFR	activation	PIK3R1
LIFR	activation	PIK3R2
LIFR	activation	PIK3R3
TBX3	activation	NANOG
BMPR1A	activation	MAPK1
BMPR1A	activation	MAPK3
BMPR1A	activation	MAPK14
BMPR1A	activation	MAPK11
BMPR1A	activation	MAPK13
BMPR1A	activation	MAPK12
BMPR2	activation	SMAD9
ACVR1	activation	SMAD9
NANOG	activation	POU5F1
NANOG	activation	POU5F1B
SOX2	activation	NANOG
SMAD9	activation	DUSP9
F3	activation	F10
PRKCA	activation	ATG7
PRKCB	activation	ATG7
PRKCG	activation	ATG7
PRKCG	effect	ATG7
MTOR	activation	ATG7
SPP1	activation	IRF7
CASR	activation	PLCB1
CASR	activation	PLCB2
CASR	activation	PLCB3
CASR	activation	PLCB4
NFATC1	activation	EGR3
NFATC2	activation	EGR3
NFATC3	activation	EGR3
NFATC4	activation	EGR3
STAT1	inhibition	SOCS2
STAT3	activation	SOCS2
STAT3	effect	SOCS2
STAT5A	activation	SOCS2
STAT5B	activation	SOCS2
STAT6	activation	SOCS2
STAT4	activation	SOCS2
LIFR	activation	STAT1
LIFR	activation	STAT3
LIFR	activation	STAT6
CLCF1	effect	LIFR
IL27	activation	LIFR
IL6	activation	LIFR
IL11	activation	LIFR
IL13	activation	LIFR
IL31	activation	LIFR
OSM	effect	LIFR
STAT2	activation	SOCS2
STAT2	effect	SOCS2
SOCS2	activation	JAK1
SOCS2	activation	JAK3
SOCS2	activation	JAK2
SOCS2	activation	TYK2
PTPN2	inhibition	JAK1
PTPN2	inhibition	JAK3
PTPN2	inhibition	JAK2
PTPN2	activation	TYK2
PTPN2	effect	TYK2
PTPN2	activation	STAT1
PTPN2	activation	STAT3
PTPN2	activation	STAT5A
PTPN2	activation	STAT5B
PTPN2	activation	STAT6
PTPN2	effect	STAT6
PTPN2	activation	STAT4
PTPN2	effect	STAT4
PTPN2	activation	STAT2
PTPN2	effect	STAT2
PTPN6	activation	CD72
PTPN6	effect	CD72
PRKCE	activation	MARCKS
PRKCE	activation	MARCKSL1
PRKCE	activation	PLA2G6
CALM1	activation	CAMK2G
CALM2	activation	CAMK2G
CALM3	activation	CAMK2G
CALML3	activation	CAMK2G
CALML4	activation	CAMK2G
CAMK2G	activation	NOS1
CAMK2G	effect	NOS1
CAMK2G	activation	MAPK1
CAMK2G	activation	MAPK3
GNAS	activation	ADCY10
GRIA3	activation	GRIN1
GRIA3	activation	GRIN2A
GRIA3	activation	GRIN2B
GRIA3	activation	GRIN2C
GRIA3	activation	GRIN2D
GNAS	effect	ADCY10
ADRB3	activation	GNAS
ADRB3	effect	GNAS
GCG	inhibition	PRKAG2
GCG	inhibition	PRKAG3
GCG	inhibition	PRKAA1
GCG	inhibition	PRKAA2
GCG	inhibition	PRKAB1
GCG	inhibition	PRKAB2
GCG	inhibition	PRKAG1
PPP1CA	activation	CAMK2G
PPP1CB	activation	CAMK2G
PPP1CC	activation	CAMK2G
PPP1CC	effect	CAMK2G
CAMK2G	activation	ATF4
CAMK2G	inhibition	MAPK1
CAMK2G	inhibition	MAPK3
HTR1F	activation	GNB5
HTR1F	activation	GNAO1
HTR1F	activation	GNB1
HTR1F	activation	GNB2
HTR1F	activation	GNB3
HTR1F	activation	GNG3
HTR1F	activation	GNG4
HTR1F	activation	GNG5
HTR1F	activation	GNG7
HTR1F	activation	GNG10
HTR1F	activation	GNG11
HTR1F	activation	GNGT1
HTR1F	activation	GNGT2
HTR1F	activation	GNG13
HTR1F	activation	GNG2
HTR1F	activation	GNG12
HTR1F	activation	GNB4
HTR1F	activation	GNG8
PRKACB	effect	GRIA3
GSK3A	activation	GRIA3
GSK3B	activation	GRIA3
PPP1CA	inhibition	GRIA3
PPP1CA	effect	GRIA3
PPP1CB	inhibition	GRIA3
PPP1CB	effect	GRIA3
PPP1CC	inhibition	GRIA3
PPP1CC	effect	GRIA3
GNAS	activation	PLA2G4B
GNAS	activation	PLA2G4E
GNAS	activation	PLA2G4F
GNAS	activation	PLA2G4D
GNAS	activation	PLA2G4A
GNAS	activation	PLA2G4C
GNAS	activation	JMJD7-PLA2G4B
GRIA3	activation	LYN
IGF1R	activation	GNAS
CAMK2G	inhibition	ADCY3
CAMK2G	effect	ADCY3
PRKCE	activation	PPP1CA
PRKCE	activation	PPP1CB
PRKCE	activation	PPP1CC
PRKCE	activation	TRPV1
PRKCE	activation	TRPA1
PRKCE	effect	TRPA1
CAMK2G	activation	TRPV1
CAMK2G	effect	TRPV1
PRKCE	effect	TRPV1
PTGER4	activation	GNAS
PRKCE	activation	TRPV4
PRKCE	effect	TRPV4
ABI2	activation	WASF1
ABI2	activation	BRK1
RAC1	effect	ABI2
RAC2	inhibition	ABI2
RAC2	effect	ABI2
RAC3	inhibition	ABI2
RAC3	effect	ABI2
ITGA1	inhibition	SRC
ITGA1	effect	SRC
ITGA1	inhibition	CRK
ITGA1	effect	CRK
ITGA1	inhibition	CRKL
ITGA1	effect	CRKL
ITGA1	inhibition	BCAR1
ITGA1	effect	BCAR1
ITGA1	inhibition	PTK2
ITGA1	effect	PTK2
INS	activation	INSRR
SOCS2	activation	INSR
FOXO1	activation	G6PC2
PRKACA	activation	PDX1
PRKACB	activation	PDX1
PRKACG	activation	PDX1
CREB3	activation	INS
CREB1	activation	INS
ATF2	activation	INS
ATF6B	activation	INS
CREB3L4	activation	INS
ATF4	activation	INS
CREB3L2	activation	INS
CREB3L3	activation	INS
CREB3L1	activation	INS
CREB5	activation	INS
FFAR1	activation	GNA11
FFAR1	activation	GNAQ
GIP	inhibition	GPR119
GPR119	inhibition	GNAS
ADCYAP1	inhibition	ADCYAP1R1
ADCYAP1R1	inhibition	GNAS
PDX1	activation	INS
PGR	activation	PIK3CA
PGR	effect	PIK3CA
PGR	activation	PIK3CB
PGR	effect	PIK3CB
PGR	activation	PIK3CD
PGR	effect	PIK3CD
PGR	activation	MAPK10
PGR	activation	MAPK13
PGR	activation	MAPK12
GPER1	activation	GNAS
NCOA2	activation	KRT19
NCOA3	activation	KRT19
NCOA1	activation	KRT19
ESR1	activation	KRT19
ESR2	activation	KRT19
NCOA2	activation	PGR
NCOA3	activation	PGR
NCOA1	activation	PGR
ESR1	activation	PGR
ESR2	activation	PGR
MC1R	activation	GNAS
MC1R	effect	GNAS
WNT4	effect	FZD10
WNT4	effect	FZD2
WNT4	effect	FZD5
WNT4	effect	FZD3
WNT4	effect	FZD1
WNT4	effect	FZD4
WNT4	effect	FZD6
WNT4	effect	FZD7
WNT4	effect	FZD8
WNT4	effect	FZD9
STAT1	activation	INS
STAT3	activation	INS
STAT5A	inhibition	INS
STAT5B	inhibition	INS
SOCS2	activation	STAT1
SOCS2	activation	STAT3
SOCS2	activation	STAT5A
SOCS2	activation	STAT5B
ITGB3	activation	PLCE1
ITGAV	activation	PLCE1
AKT3	activation	PFKFB2
AKT1	activation	PFKFB2
AKT2	activation	PFKFB2
PIK3CA	activation	FXYD2
PIK3CB	activation	FXYD2
PIK3CD	activation	FXYD2
PIK3R1	activation	FXYD2
PIK3R1	effect	FXYD2
PIK3R2	activation	FXYD2
PIK3R3	activation	FXYD2
THRA	inhibition	ATP2A3
THRA	effect	ATP2A3
THRA	activation	WNT4
THRB	activation	ATP2A3
THRB	activation	WNT4
MAPK1	activation	FXYD2
MAPK3	activation	FXYD2
PRKAG2	activation	G6PC2
PRKAG2	effect	G6PC2
PRKAG3	activation	G6PC2
PRKAA1	activation	G6PC2
PRKAA2	inhibition	G6PC2
PRKAB1	inhibition	G6PC2
PRKAB2	inhibition	G6PC2
PRKAG1	inhibition	G6PC2
STAT3	inhibition	NPY
OXTR	activation	GNAS
CAMK2G	activation	NOS3
GCGR	activation	GNAS
ATF4	activation	G6PC2
ATF4	effect	G6PC2
CREB3L2	activation	G6PC2
CREB3L2	effect	G6PC2
CREB3L3	activation	G6PC2
CREB3L3	effect	G6PC2
CREB3L1	activation	G6PC2
CREB3L1	effect	G6PC2
CREB5	activation	G6PC2
CRTC2	activation	G6PC2
CREBBP	activation	G6PC2
EP300	activation	G6PC2
PPARGC1A	activation	G6PC2
CAMK2G	activation	FOXO1
PPARA	activation	G6PC2
INSR	activation	PLAAT3
TSHR	inhibition	GNAS
PRKCE	activation	PRKD3
PRKCE	activation	PRKD2
PRKCE	activation	PRKD1
CAMK2G	activation	ATF1
CAMK2G	effect	ATF1
CAMK2G	activation	CREB3
CAMK2G	effect	CREB3
CAMK2G	activation	CREB1
CAMK2G	effect	CREB1
CAMK2G	activation	ATF2
CAMK2G	effect	ATF2
CAMK2G	activation	ATF6B
CAMK2G	effect	ATF6B
CAMK2G	activation	CREB3L4
CAMK2G	effect	CREB3L4
CAMK2G	effect	ATF4
CAMK2G	activation	CREB3L2
CAMK2G	effect	CREB3L2
CAMK2G	activation	CREB3L3
CAMK2G	effect	CREB3L3
CAMK2G	activation	CREB3L1
CAMK2G	effect	CREB3L1
CAMK2G	activation	CREB5
CAMK2G	effect	CREB5
RXFP1	activation	GNAS
RXFP1	effect	GNAS
GNAS	activation	GNB3
GNAS	effect	GNB3
GNAS	activation	GNG3
GNAS	effect	GNG3
GNAS	activation	GNG4
GNAS	effect	GNG4
GNAS	activation	GNG5
GNAS	activation	GNG7
GNAS	activation	GNG10
GNAS	activation	GNG11
GNAS	activation	GNGT1
GNAS	activation	GNGT2
GNAS	activation	GNG13
GNAS	activation	GNG2
GNAS	activation	GNG12
GNAS	activation	GNB4
GNAS	activation	GNG8
RXFP2	activation	GNAS
CASR	activation	GNAI1
CASR	activation	GNAI2
CASR	activation	GNAI3
CASR	activation	GNA11
CASR	activation	GNAQ
PTH1R	activation	GNAS
MAFB	activation	PTH
FGFR1	activation	KL
PRKCE	inhibition	IRS1
PRKCE	inhibition	IRS4
PRKCE	effect	IRS4
PRKCE	inhibition	IRS2
PRKCE	effect	IRS2
PDX1	inhibition	INS
PDX1	effect	INS
INS	activation	RPS6KA6
INS	activation	RPS6KA1
INS	activation	RPS6KA2
INS	activation	RPS6KA3
INS	activation	NR1H3
INS	activation	NR1H2
INS	activation	SREBF1
PRKCE	activation	MAPK8
PRKCE	activation	MAPK9
PRKCE	activation	MAPK10
INSR	activation	OGT
INSR	effect	OGT
OGA	inhibition	OGT
OGT	inhibition	IRS1
OGT	effect	IRS1
OGT	inhibition	PIK3CA
OGT	effect	PIK3CA
OGT	inhibition	PIK3CB
OGT	effect	PIK3CB
OGT	inhibition	PIK3CD
OGT	effect	PIK3CD
OGT	inhibition	PIK3R1
OGT	effect	PIK3R1
OGT	inhibition	PIK3R2
OGT	effect	PIK3R2
OGT	inhibition	PIK3R3
OGT	effect	PIK3R3
OGT	inhibition	PDPK1
OGT	effect	PDPK1
OGT	effect	NOS3
OGT	inhibition	AKT3
OGT	effect	AKT3
OGT	inhibition	AKT1
OGT	effect	AKT1
OGT	inhibition	AKT2
OGT	effect	AKT2
OGT	effect	GSK3B
GYS1	effect	OGT
GYS2	effect	OGT
OGT	effect	NR1H3
OGT	effect	NR1H2
OGT	effect	MLXIP
OGT	effect	MLXIPL
OGT	effect	MLX
OGT	effect	CRTC2
OGT	effect	FOXO1
PPARGC1A	activation	OGT
PRKCE	inhibition	INSR
PRKCE	effect	INSR
AGER	activation	PLCE1
PRKCE	activation	MAPK1
PRKCE	effect	MAPK1
PRKCE	activation	MAPK3
PRKCE	effect	MAPK3
PRKCE	activation	MAPK14
PRKCE	effect	MAPK14
PRKCE	activation	MAPK11
PRKCE	effect	MAPK11
PRKCE	activation	MAPK13
PRKCE	effect	MAPK13
PRKCE	activation	MAPK12
PRKCE	effect	MAPK12
PRKCE	effect	MAPK8
PRKCE	effect	MAPK9
PRKCE	effect	MAPK10
NFKB1	activation	F3
RELA	activation	F3
PRKCE	activation	CYBB
PRKCE	activation	NOX1
PRKCE	activation	NOX4
JUN	activation	F3
CAMK2G	activation	RAP1A
CAMK2G	activation	RAP1B
MAPK1	activation	SOCS2
MAPK3	activation	SOCS2
GHRHR	activation	GNAS
MTOR	activation	SOCS2
GSK3B	activation	SOCS2
STAT1	activation	SOCS2
GHSR	activation	MRAP2
SREBF1	activation	SCD5
ONECUT1	activation	PDX1
ONECUT1	activation	HNF1B
PDX1	activation	NR5A2
PDX1	activation	NKX6-1
PDX1	activation	HNF4A
NEUROD1	activation	INS
NEUROD1	activation	IAPP
MAFA	activation	PDX1
MAFA	activation	INS
NKX2-2	activation	INS
NKX2-2	activation	IAPP
NKX2-2	activation	NKX6-1
PAX6	activation	PDX1
PAX6	activation	IAPP
PAX6	activation	GCK
PAX6	activation	INS
NEUROG3	activation	PAX6
NR3C2	activation	FXYD2
KL	activation	TRPV5
KL	activation	ATP1B4
KL	activation	ATP1A1
KL	activation	ATP1A2
KL	activation	ATP1A3
KL	activation	ATP1A4
KL	activation	ATP1B1
KL	activation	ATP1B2
KL	activation	ATP1B3
KL	activation	FXYD2
FXYD2	activation	SLC8A2
FXYD2	activation	SLC8A1
FXYD2	activation	SLC8A3
HRH2	activation	GNAS
SCTR	activation	GNAS
APOB	inhibition	SORT1
SORT1	inhibition	APOB
CAPN1	activation	CDK5R1
CAPN2	activation	CDK5R1
CDK5R1	activation	MAPT
WNT4	inhibition	LRP6
WNT4	inhibition	LRP5
WNT4	inhibition	FZD10
WNT4	inhibition	FZD2
WNT4	inhibition	FZD5
WNT4	inhibition	FZD3
WNT4	inhibition	FZD1
WNT4	inhibition	FZD4
WNT4	inhibition	FZD6
WNT4	inhibition	FZD7
WNT4	inhibition	FZD8
WNT4	inhibition	FZD9
DKK1	activation	WNT4
DKK4	activation	WNT4
DKK2	activation	WNT4
ADORA2A	activation	GNAL
CAMK2G	activation	MAPT
CAMK2G	effect	MAPT
CAPN1	inhibition	CDK5R1
CAPN1	effect	CDK5R1
CAPN2	inhibition	CDK5R1
CAPN2	effect	CDK5R1
CDK5R1	inhibition	MAPT
CDK5R1	effect	MAPT
CAMK2G	inhibition	MAPT
GPSM1	inhibition	GNAI1
GPSM1	inhibition	GNAI2
GPSM1	inhibition	GNAI3
CDK5R1	activation	CDK5
CAMK2G	activation	SLC6A3
PRKACB	inhibition	GRIA3
PRKACG	inhibition	GRIA3
PRKACG	effect	GRIA3
GNAS	inhibition	ADCY5
OPRM1	activation	GNAS
CREB3	activation	NPY
CREB1	activation	NPY
ATF2	activation	NPY
ATF6B	activation	NPY
CREB3L4	activation	NPY
ATF4	activation	NPY
ATF4	effect	NPY
CREB3L2	activation	NPY
CREB3L2	effect	NPY
CREB3L3	activation	NPY
CREB3L3	effect	NPY
CREB3L1	activation	NPY
CREB3L1	effect	NPY
CREB5	activation	NPY
CREB5	effect	NPY
RHOG	activation	ELMO1
ELMO1	effect	DOCK1
PRKCE	activation	TRAF2
RRAGB	activation	RPTOR
RRAGB	activation	AKT1S1
BCAR1	activation	ELMO1
CRK	activation	ELMO1
CRKL	activation	ELMO1
RHOG	inhibition	ELMO1
RHOG	effect	ELMO1
MRC1	activation	IL10
MRC1	activation	TGFB1
MRC1	activation	TGFB2
MRC1	effect	TGFB2
MRC1	activation	TGFB3
MRC1	effect	TGFB3
CAMK2G	activation	STAT1
CAMK2G	activation	PIK3C3
HSPD1	activation	TLR4
IRF9	activation	RSAD2
EGR3	activation	FASLG
PTGER1	activation	GNAS
PTGER3	activation	GNAS
PTGER3	activation	GNAO1
PTGER3	activation	GNB5
PTGER3	activation	GNB1
PTGER3	activation	GNB2
PTGER3	activation	GNB3
PTGER3	activation	GNG3
PTGER3	activation	GNG4
PTGER3	activation	GNG5
PTGER3	activation	GNG7
PTGER3	activation	GNG10
PTGER3	activation	GNG11
PTGER3	activation	GNGT1
PTGER3	activation	GNGT2
PTGER3	activation	GNG13
PTGER3	activation	GNG2
PTGER3	activation	GNG12
PTGER3	activation	GNB4
PTGER3	activation	GNG8
RSAD2	activation	FDPS
COL4A5	inhibition	ITGA1
COL4A6	inhibition	ITGA1
COL6A1	inhibition	ITGA1
COL6A2	inhibition	ITGA1
COL6A3	inhibition	ITGA1
COL9A1	inhibition	ITGA1
COL9A2	inhibition	ITGA1
COL9A2	effect	ITGA1
STAT1	activation	ZNF441
STAT2	activation	ZNF441
STAT1	activation	ZNF776
STAT2	activation	ZNF776
STAT1	activation	ZNF506
STAT2	activation	ZNF506
NFKB1	activation	ENTPD3
RELA	activation	ENTPD3
RELA	effect	ENTPD3
NFKB2	activation	ENTPD3
NFKB2	effect	ENTPD3
RELB	activation	ENTPD3
RELB	effect	ENTPD3
JUN	activation	ENTPD3
GLI1	activation	WNT4
GLI2	activation	WNT4
GLI3	activation	WNT4
CAMK2G	activation	HRAS
CAMK2G	activation	KRAS
CAMK2G	activation	NRAS
RHOA	activation	PLCE1
ITPR1	activation	CAMK2G
ITPR2	activation	CAMK2G
ITPR3	activation	CAMK2G
CAMK2G	effect	FLNA
CAMK2G	effect	FLNB
CAMK2G	effect	FLNC
GPC3	activation	IGF2
GPC3	activation	WNT4
MIR23A	inhibition	GLS
MIR205	inhibition	PRKCE
PGR	activation	CCND1
PGR	activation	TNFSF11
PGR	activation	STAT5A
PGR	activation	STAT5B
PGR	activation	BCL6
PGR	activation	KLF5
PGR	activation	KLF4
PGR	activation	WNT1
PGR	activation	NOTCH2
PGR	activation	JAG1
PGR	inhibition	MIR141
PGR	inhibition	MIR29A
PGR	inhibition	MIR29B1
PGR	inhibition	MIR29B2
PGR	inhibition	MIR29C
PGR	activation	PIK3R1
PGR	activation	PIK3R2
PGR	activation	PIK3R3
PGR	activation	GRB2
AHR	activation	EPHX2
ARNT	activation	EPHX2
CYP1A1	activation	EPHX2
INS	effect	EGFR
INS	effect	ERBB2
INS	effect	FGFR1
INS	effect	FGFR2
INS	effect	INSRR
INS	effect	PDGFRA
INS	effect	PDGFRB
PGR	activation	WNT4
MYC	activation	GLS
ITGA1	activation	ACTB
ITGA1	activation	ACTG1
PPARA	activation	CD36
SP1	activation	ATP2A3
CAMK2G	activation	RYR2
HSPD1	activation	TLR2
BMP4	effect	BMPR1A
BMPR1A	activation	NOX1
BMPR1A	activation	CYBA
BMPR1A	activation	NCF1
BMPR1A	activation	NCF2
BMPR1A	activation	RAC1
BMPR1A	activation	RAC2
BMPR1A	activation	RAC3
